{
  "last_updated": "2026-02-24T00:25:10.549687",
  "blackout_periods": {
    "2026": [
      {
        "start": "2026-03-13",
        "end": "2026-03-15",
        "description": "Spring Break Period"
      },
      {
        "start": "2026-03-20",
        "end": "2026-03-22",
        "description": "Spring Break Peak"
      },
      {
        "start": "2026-03-27",
        "end": "2026-03-29",
        "description": "Late Spring Break"
      },
      {
        "start": "2026-04-03",
        "end": "2026-04-06",
        "description": "Easter Weekend"
      },
      {
        "start": "2026-04-10",
        "end": "2026-04-12",
        "description": "Mid-April"
      },
      {
        "start": "2026-05-21",
        "end": "2026-05-22",
        "description": "Memorial Day Weekend"
      },
      {
        "start": "2026-05-25",
        "end": "2026-05-25",
        "description": "Memorial Day"
      },
      {
        "start": "2026-06-25",
        "end": "2026-06-28",
        "description": "Summer Start"
      },
      {
        "start": "2026-07-02",
        "end": "2026-07-06",
        "description": "Independence Day Weekend"
      },
      {
        "start": "2026-09-03",
        "end": "2026-09-04",
        "description": "Labor Day Weekend"
      },
      {
        "start": "2026-09-07",
        "end": "2026-09-07",
        "description": "Labor Day"
      },
      {
        "start": "2026-10-08",
        "end": "2026-10-09",
        "description": "Columbus Day Weekend"
      },
      {
        "start": "2026-10-11",
        "end": "2026-10-12",
        "description": "Mid-October"
      },
      {
        "start": "2026-11-24",
        "end": "2026-11-25",
        "description": "Thanksgiving"
      },
      {
        "start": "2026-11-28",
        "end": "2026-11-30",
        "description": "Post-Thanksgiving Weekend"
      },
      {
        "start": "2026-12-19",
        "end": "2026-12-24",
        "description": "Pre-Christmas"
      },
      {
        "start": "2026-12-26",
        "end": "2026-12-31",
        "description": "Post-Christmas/New Year's"
      }
    ],
    "2027": [
      {
        "start": "2027-01-01",
        "end": "2027-01-03",
        "description": "New Year's Holiday"
      },
      {
        "start": "2027-01-14",
        "end": "2027-01-15",
        "description": "MLK Weekend"
      },
      {
        "start": "2027-01-18",
        "end": "2027-01-18",
        "description": "MLK Day"
      },
      {
        "start": "2027-02-11",
        "end": "2027-02-12",
        "description": "Valentine's/Presidents Day Weekend"
      },
      {
        "start": "2027-02-15",
        "end": "2027-02-15",
        "description": "Presidents Day"
      },
      {
        "start": "2027-03-12",
        "end": "2027-03-14",
        "description": "Spring Break Period"
      },
      {
        "start": "2027-03-19",
        "end": "2027-03-21",
        "description": "Spring Break Peak"
      },
      {
        "start": "2027-03-26",
        "end": "2027-03-29",
        "description": "Late Spring Break/Easter"
      },
      {
        "start": "2027-04-02",
        "end": "2027-04-04",
        "description": "Easter Weekend"
      }
    ],
    "2028": []
  },
  "source": "fallback"
}